name,price,url
Люстра Ливсден Brown,15 990,/product/lyustra-livsden-brown
Подвесной светильник Ливсден Brown,3990,/product/podvesnoj-svetilnik-livsden-brown
Настольная лампа Ливсден Brown,6990,/product/nastolnaya-lampa-livsden-brown
Бра Флиммер Black,1690,/product/bra-flimmer-black
Люстра Флиммер Black,6290,/product/lyustra-flimmer-black
Подвесной светильник Флиммер Black,1890,/product/podvesnoj-svetilnik-flimmer-black
Настольная лампа Флиммер Black,2990,/product/nastolnaya-lampa-flimmer-black
Торшер Флиммер Black,4990,/product/torsher-flimmer-black
Люстра Гейза Black,9990,/product/lyustra-gejza-black
Настольная лампа Гейза Black,3490,/product/nastolnaya-lampa-gejza-black
Настольная лампа Гейза Pink,2990,/product/nastolnaya-lampa-gejza-pink
Настольная лампа Гейза Blue,2990,/product/nastolnaya-lampa-gejza-blue
Настольная лампа Гейза Orange,3990,/product/nastolnaya-lampa-gejza-orange
Настольная лампа Алней Black,3990,/product/nastolnaya-lampa-alnej-black
Настольная лампа Алней Beige,3990,/product/nastolnaya-lampa-alnej-beige
Настольная лампа Алней Green,3990,/product/nastolnaya-lampa-alnej-green
Настольная лампа Алней Orange,3990,/product/nastolnaya-lampa-alnej-orange
Торшер Алней Green,7990,/product/torsher-alnej-green
Торшер Алней Black,7990,/product/torsher-alnej-black
Торшер Алней Orange,7990,/product/torsher-alnej-orange
Торшер Алней Beige,7990,/product/torsher-alnej-beige
Настольная лампа Арбет Orange,2390,/product/nastolnaya-lampa-arbet-orange
Настольная лампа Арбет Silver,2690,/product/nastolnaya-lampa-arbet-silver
Настольная лампа Арбет Beige,1990,/product/nastolnaya-lampa-arbet-beige
Настольная лампа Арбет White,2390,/product/nastolnaya-lampa-arbet-white
Настольная лампа Арбет Black,1990,/product/nastolnaya-lampa-arbet-black
Настольная лампа Синдри Grey,4390,/product/nastolnaya-lampa-sindri-grey
Люстра Синдри Black,10 990,/product/lyustra-sindri-black
Настольная лампа Манэт White,2690,/product/nastolnaya-lampa-manet-white
Настольная лампа Леррет Beige,3990,/product/nastolnaya-lampa-lerret-beige
Настольная лампа Леррет White,1990,/product/nastolnaya-lampa-lerret-white
Настольная лампа Истад Black,1690,/product/nastolnaya-lampa-istad-black
Настольная лампа Истад White,1690,/product/nastolnaya-lampa-istad-white
Люстра Боллар White,22 990,/product/lyustra-bollar-white
Настольная лампа Рибе Black,1990,/product/nastolnaya-lampa-ribe-black
Настольная лампа Рибе Orange,1990,/product/nastolnaya-lampa-ribe-orange
Настольная лампа Снибальд White,690,/product/nastolnaya-lampa-snibald-white
Настольная лампа Спайк Pink,990,/product/nastolnaya-lampa-spajk-pink
Настольная лампа Спайк White,990,/product/nastolnaya-lampa-spajk-white
Настольная лампа Астри Black,990,/product/nastolnaya-lampa-astri-black
Настольная лампа Астри Beige,990,/product/nastolnaya-lampa-astri-beige
Подвесной светильник Клауд White,9990,/product/podvesnoj-svetilnik-klaud-white
Торшер Клауд White,18 290,/product/torsher-klaud-white
Настольная лампа Клауд White,15 990,/product/nastolnaya-lampa-klaud-white
Настольная лампа Машрум Olive,3990,/product/nastolnaya-lampa-mashrum-olive
Настольная лампа Машрум Pink,3990,/product/nastolnaya-lampa-mashrum-pink
Подвесной светильник Селау-2 Glass,3990,/product/podvesnoj-svetilnik-selau-2-glass
Бра Пинна Black,6990,/product/bra-pinna-black
